{"cameraMode":{"drawMode":0,"name":"Shaded","section":"Shading Mode"},"sceneLighting":false,"audioPlay":false,"sceneViewState":{"showFog":true,"showMaterialUpdate":false,"showSkybox":false,"showFlares":true,"showImageEffects":true,"showParticleSystems":true},"in2DMode":false,"pivot":{"x":0.437980979681015,"y":2.0225796699523927,"z":-0.9976308345794678},"rotation":{"x":0.17266453802585603,"y":-0.6632014513015747,"z":0.1612423211336136,"w":0.7101813554763794},"size":1.5547239780426026,"orthographic":false}