{"cameraMode":{"drawMode":0,"name":"Shaded","section":"Shading Mode"},"sceneLighting":true,"audioPlay":false,"sceneViewState":{"showFog":true,"showMaterialUpdate":false,"showSkybox":false,"showFlares":true,"showImageEffects":true,"showParticleSystems":true},"in2DMode":false,"pivot":{"x":0.0,"y":-0.1799999475479126,"z":-0.009999990463256836},"rotation":{"x":-0.14292533695697785,"y":0.2629230320453644,"z":-0.03941692039370537,"w":-0.9533572793006897},"size":5.307777404785156,"orthographic":false}