{"cameraMode":{"drawMode":0,"name":"Shaded","section":"Shading Mode"},"sceneLighting":false,"audioPlay":false,"sceneViewState":{"showFog":true,"showMaterialUpdate":false,"showSkybox":false,"showFlares":true,"showImageEffects":true,"showParticleSystems":true},"in2DMode":false,"pivot":{"x":-6.4384236335754398,"y":3.706254005432129,"z":10.92991828918457},"rotation":{"x":0.10808084160089493,"y":-0.8751164674758911,"z":0.22952315211296082,"w":0.4120863080024719},"size":8.536301612854004,"orthographic":false}